"category","subcategory","ID","Description","GeneRatio","BgRatio","RichFactor","FoldEnrichment","zScore","pvalue","p.adjust","qvalue","geneID","Count"
"Human Diseases","Drug resistance: antineoplastic","hsa01522","Endocrine resistance","14/54","99/9370",0.141414141414141,24.5379723157501,17.9247090049936,1.91965114036244e-16,4.03126739476112e-14,1.51551405818087e-14,"MMP2/IGF1R/EGFR/AKT1/PIK3CA/AKT3/CYP2D6/ABCB11/BCL2/PIK3CD/SRC/MAPK14/CYP2D7/LOC107987479",14
"Human Diseases","Drug resistance: antineoplastic","hsa01521","EGFR tyrosine kinase inhibitor resistance","9/54","80/9370",0.1125,19.5208333333333,12.6656189959897,5.92760155970335e-10,6.22398163768852e-08,2.33984272093553e-08,"IGF1R/EGFR/AKT1/PIK3CA/AKT3/BCL2/PIK3CD/SRC/GSK3B",9
"Cellular Processes","Cellular community - eukaryotes","hsa04510","Focal adhesion","12/54","203/9370",0.0591133004926108,10.2572523262178,10.151851685232,1.1931755498861e-09,8.35222884920267e-08,3.13993565759499e-08,"IGF1R/EGFR/AKT1/PIK3CA/AKT3/BCL2/XIAP/PIK3CD/SRC/ROCK1/GSK3B/ITGA4",12
"Human Diseases","Infectious disease: bacterial","hsa05135","Yersinia infection","10/54","138/9370",0.072463768115942,12.5738056897477,10.4278936076891,4.76929779895044e-09,2.50388134444898e-07,9.41308776108639e-08,"AKT1/PIK3CA/AKT3/IRAK4/PIK3CD/SRC/ROCK1/MAPK14/GSK3B/ITGA4",10
"Human Diseases","Cancer: specific types","hsa05215","Prostate cancer","9/54","106/9370",0.0849056603773585,14.7327044025157,10.8252638595824,7.49535590910482e-09,3.14804948182402e-07,1.18347724880602e-07,"IGF1R/EGFR/AKT1/PIK3CA/AKT3/MMP3/BCL2/PIK3CD/GSK3B",9
"Environmental Information Processing","Signal transduction","hsa04066","HIF-1 signaling pathway","9/54","110/9370",0.0818181818181818,14.1969696969697,10.599706209593,1.04151589575414e-08,3.64530563513948e-07,1.37041565230808e-07,"IGF1R/INSR/EGFR/AKT1/PIK3CA/NPPA/AKT3/BCL2/PIK3CD",9
"Human Diseases","Cardiovascular disease","hsa05417","Lipid and atherosclerosis","11/54","216/9370",0.0509259259259259,8.83659122085048,8.87109794530411,3.03831289917745e-08,9.11493869753234e-07,3.42666868328283e-07,"PPARG/AKT1/PIK3CA/AKT3/MMP3/BCL2/IRAK4/PIK3CD/SRC/MAPK14/GSK3B",11
"Organismal Systems","Endocrine system","hsa04926","Relaxin signaling pathway","9/54","130/9370",0.0692307692307692,12.0128205128205,9.62638021602008,4.52598070018684e-08,1.15946557748967e-06,4.35889314845742e-07,"MMP2/EGFR/AKT1/PIK3CA/AKT3/MMP13/PIK3CD/SRC/MAPK14",9
"Human Diseases","Infectious disease: viral","hsa05163","Human cytomegalovirus infection","11/54","227/9370",0.0484581497797357,8.40838635992821,8.60242612313496,5.07004133306808e-08,1.15946557748967e-06,4.35889314845742e-07,"EGFR/AKT1/PIK3CA/AKT3/CCR1/PIK3CD/SRC/ROCK1/MAPK14/CCR3/GSK3B",11
"Environmental Information Processing","Signal transduction","hsa04068","FoxO signaling pathway","9/54","133/9370",0.0676691729323308,11.7418546365915,9.49879202932599,5.52126465471273e-08,1.15946557748967e-06,4.35889314845742e-07,"IGF1R/INSR/EGFR/AKT1/PIK3CA/AKT3/PIK3CD/SGK1/MAPK14",9
"Environmental Information Processing","Signal transduction","hsa04151","PI3K-Akt signaling pathway","13/54","362/9370",0.0359116022099447,6.23132801309597,7.72824368785735,9.07291382959397e-08,1.57383672056884e-06,5.91667940063474e-07,"IGF1R/INSR/EGFR/AKT1/PIK3CA/AKT3/BCL2/FGF1/PIK3CD/PIK3CG/SGK1/GSK3B/ITGA4",13
"Human Diseases","Endocrine and metabolic disease","hsa04933","AGE-RAGE signaling pathway in diabetic complications","8/54","101/9370",0.0792079207920792,13.7440410707737,9.80347775413176,9.51861836297532e-08,1.57383672056884e-06,5.91667940063474e-07,"MMP2/AKT1/PIK3CA/AKT3/BCL2/PIK3CD/MAPK14/PIM1",8
"Human Diseases","Cardiovascular disease","hsa05418","Fluid shear stress and atherosclerosis","9/54","142/9370",0.0633802816901408,10.9976525821596,9.13938935960773,9.74279874637854e-08,1.57383672056884e-06,5.91667940063474e-07,"MMP2/AKT1/PIK3CA/AKT3/BCL2/NQO1/PIK3CD/SRC/MAPK14",9
"Organismal Systems","Immune system","hsa04062","Chemokine signaling pathway","10/54","193/9370",0.0518134715025907,8.99059681443101,8.53957517254959,1.18577429418887e-07,1.7786614412833e-06,6.68669714768159e-07,"AKT1/PIK3CA/AKT3/CCR1/PIK3CD/PIK3CG/SRC/ROCK1/CCR3/GSK3B",10
"Human Diseases","Infectious disease: viral","hsa05167","Kaposi sarcoma-associated herpesvirus infection","10/54","196/9370",0.0510204081632653,8.85298563869992,8.45886766078735,1.37072543441784e-07,1.85746233134737e-06,6.98294109529088e-07,"AKT1/PIK3CA/AKT3/CCR1/PIK3CD/PIK3CG/SRC/MAPK14/CCR3/GSK3B",10
"Organismal Systems","Endocrine system","hsa04917","Prolactin signaling pathway","7/54","71/9370",0.0985915492957746,17.1074595722483,10.3721039333229,1.41520939531228e-07,1.85746233134737e-06,6.98294109529088e-07,"AKT1/PIK3CA/AKT3/PIK3CD/SRC/MAPK14/GSK3B",7
"Human Diseases","Cancer: specific types","hsa05218","Melanoma","7/54","73/9370",0.0958904109589041,16.638762049721,10.2122431289231,1.71865892848082e-07,2.12304926459395e-06,7.98138821275921e-07,"IGF1R/EGFR/AKT1/PIK3CA/AKT3/FGF1/PIK3CD",7
"Environmental Information Processing","Signaling molecules and interaction","hsa04518","Integrin signaling","9/54","154/9370",0.0584415584415584,10.1406926406926,8.70757036636486,1.9585868822706e-07,2.19133331509647e-06,8.23809516953561e-07,"IGF1R/EGFR/AKT1/PIK3CA/AKT3/PIK3CD/SRC/GSK3B/ITGA4",9
"Human Diseases","Cancer: overview","hsa05205","Proteoglycans in cancer","10/54","204/9370",0.0490196078431373,8.50580973129993,8.25185271503707,1.9937993642464e-07,2.19133331509647e-06,8.23809516953561e-07,"MMP2/IGF1R/EGFR/AKT1/PIK3CA/AKT3/PIK3CD/SRC/ROCK1/MAPK14",10
"Human Diseases","Cardiovascular disease","hsa05415","Diabetic cardiomyopathy","10/54","205/9370",0.0487804878048781,8.4643179765131,8.22677438579357,2.08698410961569e-07,2.19133331509647e-06,8.23809516953561e-07,"MMP2/INSR/AKT1/PIK3CA/AKT3/PPARA/PIK3CD/PARP1/MAPK14/GSK3B",10
"Human Diseases","Endocrine and metabolic disease","hsa04932","Non-alcoholic fatty liver disease","9/54","157/9370",0.0573248407643312,9.94692144373673,8.60699744850414,2.3103402800789e-07,2.3103402800789e-06,8.68548977473269e-07,"PPARG/INSR/AKT1/PIK3CA/AKT3/PPARA/PIK3CD/MAPK14/GSK3B",9
"Environmental Information Processing","Signal transduction","hsa04015","Rap1 signaling pathway","10/54","212/9370",0.0471698113207547,8.1848357791754,8.05588423024678,2.85372454508712e-07,2.72400979303771e-06,1.02406383196906e-06,"IGF1R/INSR/EGFR/AKT1/PIK3CA/AKT3/FGF1/PIK3CD/SRC/MAPK14",10
"Environmental Information Processing","Signal transduction","hsa04668","TNF signaling pathway","8/54","119/9370",0.0672268907563025,11.6651104886399,8.9140129092618,3.41284872932032e-07,3.11607927459681e-06,1.17145837390858e-06,"AKT1/PIK3CA/AKT3/MMP3/XIAP/MMP14/PIK3CD/MAPK14",8
"Organismal Systems","Nervous system","hsa04722","Neurotrophin signaling pathway","8/54","120/9370",0.0666666666666667,11.5679012345679,8.87027862918174,3.64058506072794e-07,3.18551192813695e-06,1.19756087523945e-06,"AKT1/PIK3CA/AKT3/BCL2/IRAK4/PIK3CD/MAPK14/GSK3B",8
"Environmental Information Processing","Signaling molecules and interaction","hsa04081","Hormone signaling","10/54","219/9370",0.045662100456621,7.92322002367664,7.89268323439039,3.85790585526094e-07,3.24064091841919e-06,1.21828605955609e-06,"IGF1R/INSR/PIK3CA/NPPA/PIK3CD/SRC/CCKBR/MLNR/ADRA1A/ADRA1D",10
"Environmental Information Processing","Signal transduction","hsa04152","AMPK signaling pathway","8/54","122/9370",0.0655737704918033,11.3782635094111,8.78434648888172,4.13537337126392e-07,3.34010926140548e-06,1.25568017346071e-06,"PPARG/IGF1R/INSR/AKT1/PIK3CA/AKT3/PIK3CD/ADRA1A",8
"Organismal Systems","Immune system","hsa04611","Platelet activation","8/54","126/9370",0.0634920634920635,11.0170487948266,8.6183445559061,5.29981675159528e-07,4.0140001632489e-06,1.50902261776274e-06,"AKT1/PIK3CA/AKT3/PIK3CD/PIK3CG/SRC/ROCK1/MAPK14",8
"Environmental Information Processing","Signal transduction","hsa04012","ErbB signaling pathway","7/54","86/9370",0.0813953488372093,14.1236003445306,9.3081509036328,5.35200021766519e-07,4.0140001632489e-06,1.50902261776274e-06,"EGFR/AKT1/PIK3CA/AKT3/PIK3CD/SRC/GSK3B",7
"Human Diseases","Cancer: specific types","hsa05210","Colorectal cancer","7/54","87/9370",0.0804597701149425,13.9612601106854,9.24679941391881,5.794691374353e-07,4.19615582280734e-06,1.57750218902532e-06,"EGFR/AKT1/PIK3CA/AKT3/BCL2/PIK3CD/GSK3B",7
"Organismal Systems","Aging","hsa04211","Longevity regulating pathway","7/54","90/9370",0.0777777777777778,13.4958847736626,9.06865829161701,7.31177947909132e-07,4.95314093744896e-06,1.86208305919134e-06,"PPARG/IGF1R/INSR/AKT1/PIK3CA/AKT3/PIK3CD",7
"Human Diseases","Cancer: overview","hsa05235","PD-L1 expression and PD-1 checkpoint pathway in cancer","7/54","90/9370",0.0777777777777778,13.4958847736626,9.06865829161701,7.31177947909132e-07,4.95314093744896e-06,1.86208305919134e-06,"EGFR/AKT1/PIK3CA/AKT3/ALK/PIK3CD/MAPK14",7
"Organismal Systems","Endocrine system","hsa04923","Regulation of lipolysis in adipocytes","6/54","59/9370",0.101694915254237,17.6459510357815,9.76484186935631,9.81926331342665e-07,6.24862210854423e-06,2.3491060558437e-06,"INSR/AKT1/PIK3CA/NPPA/AKT3/PIK3CD",6
"Human Diseases","Cancer: specific types","hsa05213","Endometrial cancer","6/54","59/9370",0.101694915254237,17.6459510357815,9.76484186935631,9.81926331342665e-07,6.24862210854423e-06,2.3491060558437e-06,"EGFR/AKT1/PIK3CA/AKT3/PIK3CD/GSK3B",6
"Environmental Information Processing","Signal transduction","hsa04370","VEGF signaling pathway","6/54","60/9370",0.1,17.3518518518519,9.67378626858448,1.08623590447322e-06,6.70910411586398e-06,2.52221959243007e-06,"AKT1/PIK3CA/AKT3/PIK3CD/SRC/MAPK14",6
"Organismal Systems","Endocrine system","hsa04915","Estrogen signaling pathway","8/54","139/9370",0.0575539568345324,9.98667732480682,8.12663833155669,1.12193650599814e-06,6.73161903598882e-06,2.5306838481161e-06,"MMP2/EGFR/AKT1/PIK3CA/AKT3/BCL2/PIK3CD/SRC",8
"Organismal Systems","Aging","hsa04213","Longevity regulating pathway - multiple species","6/54","62/9370",0.0967741935483871,16.7921146953405,9.49809931617638,1.32211886041636e-06,7.71236001909542e-06,2.89938346582535e-06,"IGF1R/INSR/AKT1/PIK3CA/AKT3/PIK3CD",6
"Human Diseases","Infectious disease: bacterial","hsa05131","Shigellosis","10/54","253/9370",0.0395256916996047,6.85843946713512,7.19192234656155,1.44995922267236e-06,8.22949829084315e-06,3.09379634994104e-06,"EGFR/AKT1/PIK3CA/AKT3/BCL2/PIK3CD/SRC/ROCK1/MAPK14/GSK3B",10
"Human Diseases","Cancer: specific types","hsa05224","Breast cancer","8/54","148/9370",0.0540540540540541,9.37937937937938,7.82274028511484,1.80410025466153e-06,9.97002772312952e-06,3.74813072298102e-06,"IGF1R/EGFR/AKT1/PIK3CA/AKT3/FGF1/PIK3CD/GSK3B",8
"Human Diseases","Cancer: specific types","hsa05226","Gastric cancer","8/54","150/9370",0.0533333333333333,9.25432098765432,7.75872362104168,1.99622133797006e-06,1.07488841275311e-05,4.04093388253048e-06,"EGFR/AKT1/PIK3CA/AKT3/BCL2/FGF1/PIK3CD/GSK3B",8
"Human Diseases","Endocrine and metabolic disease","hsa04931","Insulin resistance","7/54","109/9370",0.0642201834862385,11.1433910975195,8.10954031532184,2.6816158887551e-06,1.40784834159643e-05,5.29266293833244e-06,"INSR/AKT1/PIK3CA/AKT3/PPARA/PIK3CD/GSK3B",7
"Environmental Information Processing","Signal transduction","hsa04150","mTOR signaling pathway","8/54","158/9370",0.0506329113924051,8.78574777308955,7.51416398268495,2.94908790909806e-06,1.51050844124535e-05,5.6786031625765e-06,"IGF1R/INSR/AKT1/PIK3CA/AKT3/PIK3CD/SGK1/GSK3B",8
"Human Diseases","Infectious disease: parasitic","hsa05145","Toxoplasmosis","7/54","112/9370",0.0625,10.8449074074074,7.97977816830313,3.21753051809422e-06,1.60876525904711e-05,6.04798969566582e-06,"AKT1/AKT3/BCL2/IRAK4/XIAP/PIK3CG/MAPK14",7
"Human Diseases","Cancer: specific types","hsa05223","Non-small cell lung cancer","6/54","73/9370",0.0821917808219178,14.261796042618,8.66006433775369,3.48801812560758e-06,1.6669385280164e-05,6.26668619555036e-06,"EGFR/AKT1/PIK3CA/AKT3/ALK/PIK3CD",6
"Human Diseases","Cancer: overview","hsa05207","Chemical carcinogenesis - receptor activation","9/54","217/9370",0.0414746543778802,7.19662058371736,7.03123803095484,3.49263310632007e-06,1.6669385280164e-05,6.26668619555036e-06,"EGFR/AKT1/PIK3CA/AKT3/BCL2/PPARA/XIAP/PIK3CD/SRC",9
"Human Diseases","Infectious disease: viral","hsa05161","Hepatitis B","8/54","163/9370",0.049079754601227,8.51624630765735,7.36994918724856,3.72228970834906e-06,1.7370685305629e-05,6.53033282166502e-06,"AKT1/PIK3CA/AKT3/BCL2/IRAK4/PIK3CD/SRC/MAPK14",8
"Human Diseases","Drug resistance: antineoplastic","hsa01524","Platinum drug resistance","6/54","75/9370",0.08,13.8814814814815,8.52708333991101,4.08968166269154e-06,1.86702858514179e-05,7.01890445542026e-06,"AKT1/PIK3CA/AKT3/BCL2/XIAP/PIK3CD",6
"Environmental Information Processing","Signal transduction","hsa04022","cGMP-PKG signaling pathway","8/54","166/9370",0.0481927710843374,8.36233824185631,7.28635395490282,4.26411298965431e-06,1.90524197410086e-05,7.16256381240926e-06,"INSR/AKT1/NPPA/AKT3/PIK3CG/ROCK1/ADRA1A/ADRA1D",8
"Human Diseases","Cancer: specific types","hsa05214","Glioma","6/54","76/9370",0.0789473684210526,13.6988304093567,8.46248564177426,4.42071960006826e-06,1.93406482502986e-05,7.27092039484912e-06,"IGF1R/EGFR/AKT1/PIK3CA/AKT3/PIK3CD",6
"Human Diseases","Cancer: specific types","hsa05225","Hepatocellular carcinoma","8/54","170/9370",0.0470588235294118,8.16557734204793,7.17811636468756,5.08959472186512e-06,2.18125488079934e-05,8.2002063187945e-06,"IGF1R/EGFR/AKT1/PIK3CA/AKT3/NQO1/PIK3CD/GSK3B",8
"Cellular Processes","Cell motility","hsa04810","Regulation of actin cytoskeleton","9/54","232/9370",0.0387931034482759,6.73132183908046,6.72979711671951,6.03450442863107e-06,2.53449186002505e-05,9.52816488731221e-06,"EGFR/AKT1/PIK3CA/AKT3/FGF1/PIK3CD/SRC/ROCK1/ITGA4",9
"Environmental Information Processing","Signal transduction","hsa04071","Sphingolipid signaling pathway","7/54","125/9370",0.056,9.71703703703704,7.46963188149635,6.6872754245612e-06,2.75358399834873e-05,1.03518195426644e-05,"AKT1/PIK3CA/AKT3/BCL2/PIK3CD/ROCK1/MAPK14",7
"Organismal Systems","Digestive system","hsa04973","Carbohydrate digestion and absorption","5/54","48/9370",0.104166666666667,18.0748456790123,9.0292487162733,7.46479131677643e-06,3.01462726254433e-05,1.13331851975351e-05,"AKT1/PIK3CA/AKT3/PIK3CD/SLC5A1",5
"Human Diseases","Infectious disease: viral","hsa05162","Measles","7/54","136/9370",0.0514705882352941,8.93110021786492,7.09311034745438,1.16593647835936e-05,4.61974831048047e-05,1.73674748514303e-05,"AKT1/PIK3CA/AKT3/BCL2/IRAK4/PIK3CD/GSK3B",7
"Cellular Processes","Cell growth and death","hsa04210","Apoptosis","7/54","137/9370",0.0510948905109489,8.86590970532576,7.06100602362534,1.22330683764061e-05,4.75730436860237e-05,1.78846028894826e-05,"AKT1/PIK3CA/AKT3/BCL2/XIAP/PIK3CD/PARP1",7
"Human Diseases","Cancer: specific types","hsa05222","Small cell lung cancer","6/54","93/9370",0.0645161290322581,11.194743130227,7.52216305243459,1.43019911882682e-05,5.46076027188424e-05,2.0529173954452e-05,"AKT1/PIK3CA/AKT3/BCL2/XIAP/PIK3CD",6
"Cellular Processes","Cellular community - eukaryotes","hsa04550","Signaling pathways regulating pluripotency of stem cells","7/54","144/9370",0.0486111111111111,8.4349279835391,6.84510393162873,1.694145485064e-05,6.24158862918315e-05,2.34646189067036e-05,"IGF1R/AKT1/PIK3CA/AKT3/PIK3CD/MAPK14/GSK3B",7
"Human Diseases","Endocrine and metabolic disease","hsa04936","Alcoholic liver disease","7/54","144/9370",0.0486111111111111,8.4349279835391,6.84510393162873,1.694145485064e-05,6.24158862918315e-05,2.34646189067036e-05,"AKT1/AKT3/PPARA/IRAK4/MAPK14/GSK3B/C3AR1",7
"Environmental Information Processing","Signal transduction","hsa04072","Phospholipase D signaling pathway","7/54","149/9370",0.0469798657718121,8.15187670892369,6.69966213488455,2.11505958941398e-05,7.65797437546442e-05,2.878937735137e-05,"INSR/EGFR/AKT1/PIK3CA/AKT3/PIK3CD/PIK3CG",7
"Human Diseases","Infectious disease: parasitic","hsa05142","Chagas disease","6/54","103/9370",0.058252427184466,10.1078748651564,7.0761143977902,2.5672694769095e-05,9.13773881611855e-05,3.43524015643554e-05,"AKT1/PIK3CA/AKT3/IRAK4/PIK3CD/MAPK14",6
"Organismal Systems","Circulatory system","hsa04261","Adrenergic signaling in cardiomyocytes","7/54","154/9370",0.0454545454545455,7.88720538720539,6.56086227751705,2.6189323357446e-05,9.16626317510608e-05,3.44596359966394e-05,"AKT1/AKT3/BCL2/PIK3CG/MAPK14/ADRA1A/ADRA1D",7
"Human Diseases","Infectious disease: viral","hsa05160","Hepatitis C","7/54","156/9370",0.0448717948717949,7.7860873694207,6.50708382599293,2.84641479958606e-05,9.70145977686715e-05,3.6471653296493e-05,"EGFR/AKT1/PIK3CA/AKT3/PPARA/PIK3CD/GSK3B",7
"Organismal Systems","Immune system","hsa04625","C-type lectin receptor signaling pathway","6/54","105/9370",0.0571428571428571,9.91534391534392,6.99421210018463,2.86424050555125e-05,9.70145977686715e-05,3.6471653296493e-05,"AKT1/PIK3CA/AKT3/PIK3CD/SRC/MAPK14",6
"Organismal Systems","Immune system","hsa04620","Toll-like receptor signaling pathway","6/54","109/9370",0.055045871559633,9.55147808358818,6.83682169086509,3.54114849913683e-05,0.000118038283304561,4.43752944753989e-05,"AKT1/PIK3CA/AKT3/IRAK4/PIK3CD/MAPK14",6
"Organismal Systems","Endocrine system","hsa04914","Progesterone-mediated oocyte maturation","6/54","110/9370",0.0545454545454545,9.46464646464646,6.79873999513119,3.72899597617601e-05,0.000122357680468275,4.59991279955922e-05,"IGF1R/AKT1/PIK3CA/AKT3/PIK3CD/MAPK14",6
"Environmental Information Processing","Signal transduction","hsa04024","cAMP signaling pathway","8/54","226/9370",0.0353982300884956,6.1422484431334,5.95755315174122,4.04547593546744e-05,0.000130699991761256,4.91353352485924e-05,"AKT1/PIK3CA/NPPA/AKT3/PPARA/PDE4B/PIK3CD/ROCK1",8
"Human Diseases","Cancer: specific types","hsa05221","Acute myeloid leukemia","5/54","68/9370",0.0735294117647059,12.7587145969499,7.40891986863945,4.16482555778872e-05,0.000130851955370737,4.91924644250892e-05,"AKT1/PIK3CA/AKT3/PIK3CD/PIM1",5
"Human Diseases","Cancer: overview","hsa05208","Chemical carcinogenesis - reactive oxygen species","8/54","227/9370",0.0352422907488987,6.11519007994779,5.93962607114487,4.17480048087591e-05,0.000130851955370737,4.91924644250892e-05,"EGFR/AKT1/PIK3CA/AKT3/NQO1/PIK3CD/SRC/MAPK14",8
"Organismal Systems","Immune system","hsa04664","Fc epsilon RI signaling pathway","5/54","69/9370",0.072463768115942,12.5738056897477,7.34623250482187,4.47067186239883e-05,0.000138064866338787,5.19040850897697e-05,"AKT1/PIK3CA/AKT3/PIK3CD/MAPK14",5
"Environmental Information Processing","Signal transduction","hsa04630","JAK-STAT signaling pathway","7/54","168/9370",0.0416666666666667,7.22993827160494,6.20334634554679,4.5800868308138e-05,0.000139393947024768,5.24037394829954e-05,"EGFR/AKT1/PIK3CA/AKT3/BCL2/PIK3CD/PIM1",7
"Organismal Systems","Nervous system","hsa04725","Cholinergic synapse","6/54","115/9370",0.0521739130434783,9.05314009661836,6.6153788806881,4.79211569592897e-05,0.000141738633259871,5.32852004736356e-05,"AKT1/PIK3CA/AKT3/BCL2/PIK3CD/PIK3CG",6
"Organismal Systems","Endocrine system","hsa04928","Parathyroid hormone synthesis, secretion and action","6/54","115/9370",0.0521739130434783,9.05314009661836,6.6153788806881,4.79211569592897e-05,0.000141738633259871,5.32852004736356e-05,"EGFR/BCL2/MMP13/PDE4B/MMP14/SGK1",6
"Organismal Systems","Immune system","hsa04670","Leukocyte transendothelial migration","6/54","116/9370",0.0517241379310345,8.97509578544061,6.58004576768104,5.03131080555573e-05,0.000146746565162042,5.51678816398655e-05,"MMP2/PIK3CA/PIK3CD/ROCK1/MAPK14/ITGA4",6
"Human Diseases","Cancer: overview","hsa05230","Central carbon metabolism in cancer","5/54","71/9370",0.0704225352112676,12.2196139801774,7.22466517902418,5.13435466587375e-05,0.00014770061367582,5.55265464946693e-05,"EGFR/AKT1/PIK3CA/AKT3/PIK3CD",5
"Environmental Information Processing","Signal transduction","hsa04014","Ras signaling pathway","8/54","238/9370",0.0336134453781513,5.83255524431995,5.74924894278504,5.84116389293973e-05,0.000165762759123965,6.23168267383328e-05,"IGF1R/INSR/EGFR/AKT1/PIK3CA/AKT3/FGF1/PIK3CD",8
"Organismal Systems","Excretory system","hsa04960","Aldosterone-regulated sodium reabsorption","4/54","38/9370",0.105263157894737,18.2651072124756,8.11899870750931,6.28936425952299e-05,0.000176102199266644,6.62038343107683e-05,"INSR/PIK3CA/PIK3CD/SGK1",4
"Organismal Systems","Immune system","hsa04660","T cell receptor signaling pathway","6/54","122/9370",0.0491803278688525,8.53369763205829,6.37665542818957,6.67534970701303e-05,0.000179720953650351,6.75642682896055e-05,"AKT1/PIK3CA/AKT3/PIK3CD/MAPK14/GSK3B",6
"Organismal Systems","Endocrine system","hsa04919","Thyroid hormone signaling pathway","6/54","122/9370",0.0491803278688525,8.53369763205829,6.37665542818957,6.67534970701303e-05,0.000179720953650351,6.75642682896055e-05,"AKT1/PIK3CA/AKT3/PIK3CD/SRC/GSK3B",6
"Organismal Systems","Endocrine system","hsa04935","Growth hormone synthesis, secretion and action","6/54","122/9370",0.0491803278688525,8.53369763205829,6.37665542818957,6.67534970701303e-05,0.000179720953650351,6.75642682896055e-05,"AKT1/PIK3CA/AKT3/PIK3CD/MAPK14/GSK3B",6
"Human Diseases","Infectious disease: viral","hsa05168","Herpes simplex virus 1 infection","7/54","180/9370",0.0388888888888889,6.74794238683128,5.92815653405313,7.10094902161663e-05,0.000188759404372088,7.09621820947698e-05,"AKT1/PIK3CA/AKT3/BCL2/IRAK4/PIK3CD/SRC",7
"Human Diseases","Cancer: specific types","hsa05212","Pancreatic cancer","5/54","77/9370",0.0649350649350649,11.2674362674363,6.88744540328389,7.59033198047056e-05,0.000199246214487352,7.49045919125384e-05,"EGFR/AKT1/PIK3CA/AKT3/PIK3CD",5
"Human Diseases","Infectious disease: bacterial","hsa05132","Salmonella infection","8/54","248/9370",0.032258064516129,5.5973715651135,5.58623461120338,7.80612604165834e-05,0.000202381045524475,7.60830998212314e-05,"AKT1/PIK3CA/AKT3/BCL2/IRAK4/PIK3CD/PIK3CG/MAPK14",8
"Organismal Systems","Endocrine system","hsa04910","Insulin signaling pathway","6/54","138/9370",0.0434782608695652,7.54428341384863,5.8963398045147,0.000132246270740233,0.000338679473846939,0.000127323110468774,"INSR/AKT1/PIK3CA/AKT3/PIK3CD/GSK3B",6
"Organismal Systems","Development and regeneration","hsa04380","Osteoclast differentiation","6/54","142/9370",0.0422535211267606,7.33176838810642,5.78820839774171,0.000154725209006539,0.00039147342037799,0.000147170458788718,"PPARG/AKT1/PIK3CA/AKT3/PIK3CD/MAPK14",6
"Human Diseases","Infectious disease: viral","hsa05169","Epstein-Barr virus infection","7/54","205/9370",0.0341463414634146,5.92502258355917,5.42809802146273,0.000160345738858214,0.000400864347145536,0.00015070088238554,"AKT1/PIK3CA/AKT3/BCL2/IRAK4/PIK3CD/MAPK14",7
"Organismal Systems","Immune system","hsa04662","B cell receptor signaling pathway","5/54","91/9370",0.0549450549450549,9.53398453398454,6.22803034194177,0.000168085818240691,0.000415270845065236,0.000156116859047081,"AKT1/PIK3CA/AKT3/PIK3CD/GSK3B",5
"Cellular Processes","Cellular community - eukaryotes","hsa04520","Adherens junction","5/54","93/9370",0.0537634408602151,9.3289526085225,6.14549467083156,0.000186216311431657,0.000449487648283309,0.0001689803189035,"IGF1R/INSR/EGFR/SRC/ROCK1",5
"Organismal Systems","Endocrine system","hsa04912","GnRH signaling pathway","5/54","93/9370",0.0537634408602151,9.3289526085225,6.14549467083156,0.000186216311431657,0.000449487648283309,0.0001689803189035,"MMP2/EGFR/MMP14/SRC/MAPK14",5
"Human Diseases","Infectious disease: viral","hsa05170","Human immunodeficiency virus 1 infection","7/54","214/9370",0.0327102803738318,5.67583939079266,5.26795843198601,0.000209084808261094,0.000498952383350337,0.000187576083966292,"AKT1/PIK3CA/AKT3/BCL2/IRAK4/PIK3CD/MAPK14",7
"Organismal Systems","Sensory system","hsa04750","Inflammatory mediator regulation of TRP channels","5/54","99/9370",0.0505050505050505,8.76356154133932,5.91213124070804,0.000249664304796767,0.000582550044525789,0.000219003776137515,"PIK3CA/PIK3CD/SRC/MAPK14/HRH1",5
"Human Diseases","Cancer: overview","hsa05231","Choline metabolism in cancer","5/54","99/9370",0.0505050505050505,8.76356154133932,5.91213124070804,0.000249664304796767,0.000582550044525789,0.000219003776137515,"EGFR/AKT1/PIK3CA/AKT3/PIK3CD",5
"Environmental Information Processing","Signaling molecules and interaction","hsa04517","IgSF CAM signaling","8/54","299/9370",0.0267558528428094,4.64263594698377,4.87362982288979,0.00028372124807104,0.000654741341702401,0.000246143361542256,"AKT1/PIK3CA/AKT3/PIK3CD/SRC/MAPK14/GSK3B/ITGA4",8
"Environmental Information Processing","Signal transduction","hsa04010","MAPK signaling pathway","8/54","300/9370",0.0266666666666667,4.62716049382716,4.86130103905982,0.000290209069055856,0.000662433744584019,0.000249035242324819,"IGF1R/INSR/EGFR/AKT1/AKT3/IRAK4/FGF1/MAPK14",8
"Cellular Processes","Transport and catabolism","hsa04140","Autophagy - animal","6/54","169/9370",0.0355029585798817,6.16042077580539,5.15394419002412,0.000397262446090952,0.000893084680441235,0.00033574612046663,"IGF1R/AKT1/PIK3CA/AKT3/BCL2/PIK3CD",6
"Human Diseases","Infectious disease: viral","hsa05171","Coronavirus disease - COVID-19","7/54","238/9370",0.0294117647058824,5.10348583877996,4.88188141213044,0.000399761714102267,0.000893084680441235,0.00033574612046663,"EGFR/PIK3CA/MMP3/IRAK4/PIK3CD/MAPK14/C3AR1",7
"Organismal Systems","Endocrine system","hsa04929","GnRH secretion","4/54","65/9370",0.0615384615384615,10.6780626780627,5.96095275104912,0.000514180727254969,0.00113661002866888,0.000427297003258977,"AKT1/PIK3CA/AKT3/PIK3CD",4
"Human Diseases","Infectious disease: bacterial","hsa05152","Tuberculosis","6/54","181/9370",0.0331491712707182,5.75199508901166,4.91484588591482,0.000572165106851787,0.00125161117123828,0.000470530515503114,"AKT1/AKT3/BCL2/IRAK4/SRC/MAPK14",6
"Organismal Systems","Development and regeneration","hsa04360","Axon guidance","6/54","184/9370",0.0326086956521739,5.65821256038647,4.85840541876591,0.000624061032146141,0.00135105996650195,0.000507917280639833,"PIK3CA/EPHB4/PIK3CD/SRC/ROCK1/GSK3B",6
"Human Diseases","Cancer: specific types","hsa05211","Renal cell carcinoma","4/54","70/9370",0.0571428571428571,9.91534391534392,5.69999410104989,0.000681685940354158,0.0014607555864732,0.000549156235516239,"AKT1/PIK3CA/AKT3/PIK3CD",4
"Organismal Systems","Immune system","hsa04613","Neutrophil extracellular trap formation","6/54","195/9370",0.0307692307692308,5.33903133903134,4.66160869929338,0.000846373917116963,0.00179533861206629,0.000674939327844468,"AKT1/PIK3CA/AKT3/PIK3CD/SRC/MAPK14",6
"Human Diseases","Cancer: specific types","hsa05220","Chronic myeloid leukemia","4/54","77/9370",0.051948051948052,9.01394901394901,5.37579536513224,0.000976624494985508,0.00205091143946957,0.000771019338146454,"AKT1/PIK3CA/AKT3/PIK3CD",4
"Metabolism","Xenobiotics biodegradation and metabolism","hsa00980","Metabolism of xenobiotics by cytochrome P450","4/54","79/9370",0.0506329113924051,8.78574777308955,5.29067891208473,0.00107514186648493,0.00223544348477066,0.000840392287507765,"HSD11B1/CYP2D6/CYP2D7/LOC107987479",4
"Human Diseases","Cancer: specific types","hsa05219","Bladder cancer","3/54","41/9370",0.0731707317073171,12.6964769647696,5.71423650253285,0.00165220020202743,0.00340158865123295,0.00127879272602743,"MMP2/EGFR/SRC",3
"Organismal Systems","Endocrine system","hsa04921","Oxytocin signaling pathway","5/54","154/9370",0.0324675324675325,5.63371813371813,4.41415418866924,0.00185791795308551,0.00378798805968891,0.00142405566153719,"EGFR/NPPA/PIK3CG/SRC/ROCK1",5
"Cellular Processes","Cell growth and death","hsa04218","Cellular senescence","5/54","157/9370",0.0318471337579618,5.52606746874263,4.35410676177294,0.00202216507568149,0.00408321794127994,0.00153504433882704,"AKT1/PIK3CA/AKT3/PIK3CD/MAPK14",5
"Organismal Systems","Immune system","hsa04657","IL-17 signaling pathway","4/54","94/9370",0.0425531914893617,7.38376674546887,4.73575608919697,0.00204751195911547,0.00409502391823094,0.00153948267602667,"MMP3/MMP13/MAPK14/GSK3B",4
"Organismal Systems","Immune system","hsa04666","Fc gamma R-mediated phagocytosis","4/54","98/9370",0.0408163265306122,7.08238851095994,4.60817796540425,0.00238458418606975,0.00472417621768535,0.00177600609687419,"AKT1/PIK3CA/AKT3/PIK3CD",4
"Human Diseases","Endocrine and metabolic disease","hsa04930","Type II diabetes mellitus","3/54","47/9370",0.0638297872340425,11.0756501182033,5.27196992793548,0.00245269993796336,0.00481371015861968,0.00180966547316529,"INSR/PIK3CA/PIK3CD",3
"Human Diseases","Infectious disease: viral","hsa05165","Human papillomavirus infection","7/54","333/9370",0.021021021021021,3.6475364253142,3.74524884706045,0.00282930402093785,0.00550142448515693,0.00206820469366802,"EGFR/AKT1/PIK3CA/AKT3/PIK3CD/GSK3B/ITGA4",7
"Environmental Information Processing","Signal transduction","hsa04064","NF-kappa B signaling pathway","4/54","105/9370",0.0380952380952381,6.61022927689594,4.40130340072944,0.0030633519067675,0.00588631630468066,0.0022129008664213,"BCL2/IRAK4/XIAP/PARP1",4
"Human Diseases","Infectious disease: viral","hsa05164","Influenza A","5/54","173/9370",0.0289017341040462,5.01498608435025,4.05800672259792,0.00308330854054701,0.00588631630468066,0.0022129008664213,"AKT1/PIK3CA/AKT3/IRAK4/PIK3CD",5
"Environmental Information Processing","Signal transduction","hsa04020","Calcium signaling pathway","6/54","254/9370",0.0236220472440945,4.09886264216973,3.81193762794914,0.00324855575782698,0.00614591629859159,0.00231049484909458,"EGFR/FGF1/CCKBR/ADRA1A/HRH1/ADRA1D",6
"Environmental Information Processing","Signaling molecules and interaction","hsa04080","Neuroactive ligand-receptor interaction","7/54","370/9370",0.0189189189189189,3.28278278278278,3.41093116494857,0.00505551460965945,0.00947908989311146,0.00356356762898927,"NR3C1/CCKBR/MLNR/ADRA1A/HRH1/C3AR1/ADRA1D",7
"Organismal Systems","Nervous system","hsa04728","Dopaminergic synapse","4/54","133/9370",0.0300751879699248,5.21860206070732,3.73041946524237,0.00709169685625411,0.013179259644366,0.00495460888885941,"AKT1/AKT3/MAPK14/GSK3B",4
"Organismal Systems","Circulatory system","hsa04270","Vascular smooth muscle contraction","4/54","134/9370",0.0298507462686567,5.17965726920951,3.71005089797829,0.00727910769872869,0.0134088826029213,0.0050409333093689,"NPPA/ROCK1/ADRA1A/ADRA1D",4
"Organismal Systems","Endocrine system","hsa04920","Adipocytokine signaling pathway","3/54","70/9370",0.0428571428571429,7.43650793650794,4.11515894595086,0.00754406142922441,0.0137761121751054,0.00517898953951333,"AKT1/AKT3/PPARA",3
"Organismal Systems","Endocrine system","hsa04614","Renin-angiotensin system","2/54","23/9370",0.0869565217391304,15.0885668276973,5.1501914374321,0.0076326684394411,0.0138177618300227,0.0051946473045198,"LNPEP/ANPEP",2
"Human Diseases","Infectious disease: bacterial","hsa05120","Epithelial cell signaling in Helicobacter pylori infection","3/54","71/9370",0.0422535211267606,7.33176838810642,4.07722642472548,0.00784515303689311,0.0140810439123722,0.00529362553096701,"EGFR/SRC/MAPK14",3
"Metabolism","Xenobiotics biodegradation and metabolism","hsa00982","Drug metabolism - cytochrome P450","3/54","73/9370",0.0410958904109589,7.13089802130898,4.00352796424559,0.00846845753993663,0.0150709837575143,0.00566578336748659,"CYP2D6/CYP2D7/LOC107987479",3
"Human Diseases","Infectious disease: viral","hsa05166","Human T-cell leukemia virus 1 infection","5/54","224/9370",0.0223214285714286,3.87318121693122,3.31360081772314,0.00911960076901126,0.0160934131217846,0.00605015530894157,"AKT1/PIK3CA/AKT3/XIAP/PIK3CD",5
"Human Diseases","Neurodegenerative disease","hsa05017","Spinocerebellar ataxia","4/54","144/9370",0.0277777777777778,4.81995884773663,3.51691575025253,0.00933598951589194,0.0163379816528109,0.00614209836571838,"AKT1/PIK3CA/AKT3/PIK3CD",4
"Metabolism","Carbohydrate metabolism","hsa00562","Inositol phosphate metabolism","3/54","78/9370",0.0384615384615385,6.67378917378917,3.83084565438945,0.0101515612943552,0.0173319339171919,0.00651576463052326,"PIK3CA/PIK3CD/PIK3CG",3
"Human Diseases","Infectious disease: bacterial","hsa05100","Bacterial invasion of epithelial cells","3/54","78/9370",0.0384615384615385,6.67378917378917,3.83084565438945,0.0101515612943552,0.0173319339171919,0.00651576463052326,"PIK3CA/PIK3CD/SRC",3
"Human Diseases","Infectious disease: parasitic","hsa05140","Leishmaniasis","3/54","78/9370",0.0384615384615385,6.67378917378917,3.83084565438945,0.0101515612943552,0.0173319339171919,0.00651576463052326,"IRAK4/MAPK14/ITGA4",3
"Human Diseases","Cancer: overview","hsa05206","MicroRNAs in cancer","6/54","323/9370",0.0185758513931889,3.22325421396629,3.09575690026424,0.0102817346520246,0.0174126151364933,0.00654609591597491,"EGFR/PIK3CA/BCL2/PIK3CD/ROCK1/PIM1",6
"Cellular Processes","Cell growth and death","hsa04215","Apoptosis - multiple species","2/54","32/9370",0.0625,10.8449074074074,4.24706052047182,0.0144773253495337,0.0243219065872166,0.00914357390496866,"BCL2/XIAP",2
"Organismal Systems","Immune system","hsa04621","NOD-like receptor signaling pathway","4/54","187/9370",0.0213903743315508,3.71162606456724,2.85158991644556,0.0223760317647896,0.0372933862746493,0.0140200700280636,"BCL2/IRAK4/XIAP/MAPK14",4
"Human Diseases","Neurodegenerative disease","hsa05010","Alzheimer disease","6/54","388/9370",0.0154639175257732,2.68327605956472,2.578181237826,0.023432052027345,0.0386744652466489,0.0145392726491161,"INSR/AKT1/PIK3CA/AKT3/PIK3CD/GSK3B",6
"Organismal Systems","Endocrine system","hsa04922","Glucagon signaling pathway","3/54","107/9370",0.0280373831775701,4.865005192108,3.06122250850471,0.0235730073884336,0.0386744652466489,0.0145392726491161,"AKT1/AKT3/PPARA",3
"Human Diseases","Infectious disease: bacterial","hsa05130","Pathogenic Escherichia coli infection","4/54","200/9370",0.02,3.47037037037037,2.68856882931481,0.0277847433332649,0.0452309775192685,0.017004126886943,"IRAK4/SRC/ROCK1/MAPK14",4
"Organismal Systems","Nervous system","hsa04726","Serotonergic synapse","3/54","115/9370",0.0260869565217391,4.52657004830918,2.8969565584297,0.0283999661888625,0.0458768684589317,0.0172469430296736,"CYP2D6/CYP2D7/LOC107987479",3
"Human Diseases","Cancer: overview","hsa05203","Viral carcinogenesis","4/54","205/9370",0.0195121951219512,3.38572719060524,2.62942165713189,0.0300566046926122,0.0481823434003708,0.0181136629324702,"PIK3CA/PIK3CD/SRC/CCR3",4
